{
    "param": {
        "temperature": 0.3,
        "run_name": "",
        "dataset": "ed",
        "main_learning_rate": 2e-05,
        "batch_size": 10,
        "hidden_size": 768,
        "nepoch": 5,
        "criterion": "emo_acc",
        "lambda_loss": 0.5,
        "loss_type": "lcl",
        "label_list": [
            "Angry",
            "Ashamed",
            "Furious",
            "Guilty"
        ],
        "decay": 0.01,
        "model_type": "electra",
        "emotion_size": 32,
        "SEED": 4
    },
    "train_loss_1": 0.7894659551328101,
    "train_loss_2": 0.4341119671309436,
    "stop_epoch": 4,
    "stop_step": 1208,
    "valid_emo_f1_score_1": {
        "macro": 58.95119420735006,
        "weighted": 58.10478340206513
    },
    "test_emo_f1_score_1": {
        "macro": 54.414347058974386,
        "weighted": 53.4100923745329
    },
    "valid_emo_accuracy_1": 59.602649006622514,
    "test_emo_accuracy_1": 54.77031802120141,
    "train_emo_accuracy_1": 59.60905417297112,
    "valid_emo_f1_score_2": {
        "macro": 55.15182186780323,
        "weighted": 54.66725763626417
    },
    "test_emo_f1_score_2": {
        "macro": 53.749885797013185,
        "weighted": 53.52671100338804
    },
    "valid_emo_accuracy_2": 54.966887417218544,
    "test_emo_accuracy_2": 53.71024734982332,
    "train_emo_accuracy_2": 64.38271655957885
}