{
  "param": {
    "temperature": 0.3,
    "run_name": "",
    "dataset": "ed",
    "main_learning_rate": 2e-05,
    "batch_size": 10,
    "hidden_size": 768,
    "nepoch": 5,
    "criterion": "emo_acc",
    "lambda_loss": 0.5,
    "loss_type": "lcl",
    "label_list": [
      "Anxious",
      "Apprehensive",
      "Afraid",
      "Terrified"
    ],
    "decay": 0.01,
    "model_type": "electra",
    "emotion_size": 4,
    "SEED": 1
  },
  "train_loss_1": 0.7279190739505311,
  "train_loss_2": 0.4984826072413697,
  "stop_epoch": 2,
  "stop_step": 658,
  "valid_emo_f1_score_1": {
    "macro": 58.741418764302054,
    "weighted": 58.104805864252164
  },
  "test_emo_f1_score_1": {
    "macro": 50.85734738109674,
    "weighted": 51.10516537070681
  },
  "valid_emo_accuracy_1": 59.878419452887535,
  "test_emo_accuracy_1": 53.924914675767916,
  "train_emo_accuracy_1": 57.56410311837482,
  "valid_emo_f1_score_2": {
    "macro": 56.08373461628251,
    "weighted": 55.584895639954354
  },
  "test_emo_f1_score_2": {
    "macro": 53.367349444935655,
    "weighted": 53.60268430587367
  },
  "valid_emo_accuracy_2": 56.23100303951368,
  "test_emo_accuracy_2": 55.2901023890785,
  "train_emo_accuracy_2": 59.978633171472794
}