{
    "param": {
        "temperature": 0.3,
        "run_name": "",
        "dataset": "ed",
        "main_learning_rate": 2e-05,
        "batch_size": 10,
        "hidden_size": 768,
        "nepoch": 5,
        "criterion": "emo_acc",
        "lambda_loss": 0.5,
        "loss_type": "lcl",
        "label_list": [
            "Angry",
            "Ashamed",
            "Furious",
            "Guilty"
        ],
        "decay": 0.01,
        "model_type": "electra",
        "emotion_size": 32,
        "SEED": 2
    },
    "train_loss_1": 0.7193303577939179,
    "train_loss_2": 0.4210733968779874,
    "stop_epoch": 5,
    "stop_step": 1510,
    "valid_emo_f1_score_1": {
        "macro": 59.34114766116076,
        "weighted": 58.650047210724686
    },
    "test_emo_f1_score_1": {
        "macro": 53.308963065060624,
        "weighted": 52.73631187618949
    },
    "valid_emo_accuracy_1": 58.94039735099338,
    "test_emo_accuracy_1": 53.35689045936396,
    "train_emo_accuracy_1": 67.59259309493956,
    "valid_emo_f1_score_2": {
        "macro": 59.2138839139609,
        "weighted": 58.563298885706885
    },
    "test_emo_f1_score_2": {
        "macro": 51.5788071985551,
        "weighted": 50.75414274199797
    },
    "valid_emo_accuracy_2": 58.609271523178805,
    "test_emo_accuracy_2": 51.236749116607776,
    "train_emo_accuracy_2": 70.30864232067218
}