{
  "param": {
    "temperature": 0.3,
    "run_name": "",
    "dataset": "ed",
    "main_learning_rate": 2e-05,
    "batch_size": 10,
    "hidden_size": 768,
    "nepoch": 5,
    "criterion": "emo_acc",
    "lambda_loss": 0.5,
    "loss_type": "lcl",
    "label_list": [
      "Devastated",
      "Nostalgic",
      "Sad",
      "Sentimental"
    ],
    "decay": 0.01,
    "model_type": "electra",
    "emotion_size": 32,
    "SEED": 1
  },
  "train_loss_1": 0.7339056167057005,
  "train_loss_2": 0.43135151532241855,
  "stop_epoch": 3,
  "stop_step": 1029,
  "valid_emo_f1_score_1": {
    "macro": 68.93424762881311,
    "weighted": 68.68486289304604
  },
  "test_emo_f1_score_1": {
    "macro": 62.37072585086255,
    "weighted": 61.768062216263644
  },
  "valid_emo_accuracy_1": 68.80466472303208,
  "test_emo_accuracy_1": 62.22910216718266,
  "train_emo_accuracy_1": 70.31779696577686,
  "valid_emo_f1_score_2": {
    "macro": 65.84737437485116,
    "weighted": 65.90952517502085
  },
  "test_emo_f1_score_2": {
    "macro": 62.78556876082699,
    "weighted": 61.844217791011346
  },
  "valid_emo_accuracy_2": 66.76384839650146,
  "test_emo_accuracy_2": 63.77708978328173,
  "train_emo_accuracy_2": 73.36864436683008
}