{
    "param": {
        "temperature": 0.3,
        "run_name": "",
        "dataset": "ed",
        "main_learning_rate": 2e-05,
        "batch_size": 10,
        "hidden_size": 768,
        "nepoch": 5,
        "criterion": "emo_acc",
        "lambda_loss": 0.5,
        "loss_type": "lcl",
        "label_list": [
            "Angry",
            "Ashamed",
            "Furious",
            "Guilty"
        ],
        "decay": 0.01,
        "model_type": "electra",
        "emotion_size": 32,
        "SEED": 1
    },
    "train_loss_1": 0.7994357771834228,
    "train_loss_2": 0.4559020153534265,
    "stop_epoch": 3,
    "stop_step": 906,
    "valid_emo_f1_score_1": {
        "macro": 56.61055074238619,
        "weighted": 56.08629574165076
    },
    "test_emo_f1_score_1": {
        "macro": 51.24964186360318,
        "weighted": 50.77063898456701
    },
    "valid_emo_accuracy_1": 55.96026490066225,
    "test_emo_accuracy_1": 50.53003533568904,
    "train_emo_accuracy_1": 58.45679066504961,
    "valid_emo_f1_score_2": {
        "macro": 55.527123593527165,
        "weighted": 54.84941568325269
    },
    "test_emo_f1_score_2": {
        "macro": 52.3184042315165,
        "weighted": 51.897758239381574
    },
    "valid_emo_accuracy_2": 54.63576158940398,
    "test_emo_accuracy_2": 51.590106007067135,
    "train_emo_accuracy_2": 58.90946572700155
}