{
  "param": {
    "temperature": 0.3,
    "run_name": "",
    "dataset": "ed",
    "main_learning_rate": 2e-05,
    "batch_size": 10,
    "hidden_size": 768,
    "nepoch": 5,
    "criterion": "emo_acc",
    "lambda_loss": 0.5,
    "loss_type": "lcl",
    "label_list": [
      "Devastated",
      "Nostalgic",
      "Sad",
      "Sentimental"
    ],
    "decay": 0.01,
    "model_type": "electra",
    "emotion_size": 32,
    "SEED": 4
  },
  "train_loss_1": 1.0265871622299745,
  "train_loss_2": 0.81499152441146,
  "stop_epoch": 1,
  "stop_step": 343,
  "valid_emo_f1_score_1": {
    "macro": 57.296516052704185,
    "weighted": 56.946812324522114
  },
  "test_emo_f1_score_1": {
    "macro": 60.397534402770006,
    "weighted": 59.48411661604405
  },
  "valid_emo_accuracy_1": 58.89212827988338,
  "test_emo_accuracy_1": 62.22910216718266,
  "train_emo_accuracy_1": 43.30508522259987,
  "valid_emo_f1_score_2": {
    "macro": 52.615615372968314,
    "weighted": 51.561143104617635
  },
  "test_emo_f1_score_2": {
    "macro": 47.61871560836186,
    "weighted": 45.99398264295675
  },
  "valid_emo_accuracy_2": 55.68513119533527,
  "test_emo_accuracy_2": 51.39318885448916,
  "train_emo_accuracy_2": 48.43220397577448
}